Fairmount,1
Fitchburg/South Acton,2
Framingham/Worcester,4
Franklin/Forge Park,5
Haverhill,7
Lowell,8
Middleborough/Lakeville,9
Needham,10
Newburyport/Rockport,11
Kingston/Plymouth,12
Providence/Stoughton,14
Red Line,15
Orange Line,16
Green Line,17
Blue Line,18
Washington Street,19
SL1: Airport Terminal - South Station,20
F1 - Hingham-Boston,21
F2 - Quincy-Boston_Logan,22
F2H - Quincy and Hull-Boston-Logan,23
F4 - Boston-Charleston,25
SL2: Boston Marine Industrial Park - South Station,28
SL3: City Point - South Station via Boston Marine Industrial Park,29
All Lines/Routes,99
CT2  Sullivan Station - Ruggles Station  via Kendall/MIT and Longwood Medical Center,51
CT3  Beth Israel Deaconess Medical Center - Andrew Station via B.U. Medical Center,52
Silver Line Washington St.    Dudley Station - Downtown via Washington Street ,53
Mattapan Trolley Shuttle Bus    Mattapan Sta. - Ashmont Sta. ,57
1    Harvard/Holyoke Gate - Dudley Staton via Mass. Ave. ,58
4    North Station - World Trade Center via Congress St. ,59
5    City Point -McCormack Housing via Andrew Station ,60
6    South Station - Haymarket Station via North End ,61
7    City Point - Otis and Summer Streets via Summer Street,62
8    Harbor Point/UMass - Kenmore Station   ,63
9    City Point - Copley Square via Broadway Station ,64
10   City Point - Copley Square  ,65
11   City Point - Downtown via Bayview,66
14   Roslindale Sq. - Heath Street Station  ,67
15   Kane Sq. or Fields Corner Sta. - Ruggles Sta. ,68
16   Forest Hills Station - Andrew Station or UMass ,69
17   Fields Corner Station - Andrew Station via Kane Square ,70
18   Ashmont Station - Andrew Station via Dorchester Ave.,71
19   Fields Corner Sta. - Kenmore or Ruggles Sta. via Grove Hall and Dudley Station ,72
21   Ashmont Sta. - Forest Hills Sta.,73
22   Ashmont Sta. - Ruggles Sta. via Talbot Ave.,74
23   Ashmont Sta. - Ruggles Sta. via Washington St. ,75
24   Wakefield Ave.and Truman Parkway - Mattapan or Ashmont Sta.,76
26   Ashmont Sta. - Norfolk and Morton Belt Line ,77
27   Mattapan Sta. - Ashmont Sta.via River St. ,78
28   Mattapan Sta. - Ruggles Sta.via Dudley Sta. ,79
29   Mattapan Sta. - Jackson Sq.  Sta.via Seaver St.,80
30   Mattapan Sta. - Forest Hills Sta.via Cummins Highway and Roslindale Square,81
31   Mattapan Sta. - Forest Hills Sta.via Morton St. ,82
32   Wolcott Sq. or Cleary Square - Forest Hills Sta.,83
33   Dedham Line - Mattapan Sta.via River St. ,84
34   34/34E    Walpole Center or Dedham Line - Forest Hills Sta.via Washington St.,85
34E  34/34E    Walpole Center or Dedham Line - Forest Hills Sta.via Washington St.,86
35   Dedham Mall/Stimson St. - Forest Hills Station,87
36   Charles River Loop or V.A. Hospital - Forest Hills Sta. via Belgrade Ave.,88
37   Baker and Vermont Sts. - Forest Hills Sta.,89
38   Wren St. - Forest Hills Sta.via Centre and South Streets ,90
39   Forest Hills Sta. - Back Bay Sta.via Jamaica Plain Center,91
40   Georgetowne - Forest Hills Sta.,92
41   Centre and Eliot Sts. - JFK/UMass Station ,93
42   Forest Hills Sta. - Dudley or Ruggles Sta.via Washington St.,94
43   Ruggles Station - Park and Tremont Sts.,95
44   Jackson Sq. Sta. - Ruggles Sta.via Seaver St.,96
45   Franklin Park Zoo - Ruggles Sta.,97
47   Central Sq.  Cambridge - Broadway Station via B.U. Medical Center,988
48   Jamaica Plain Loop Monument - Jackson Square Station ,49
50   Cleary Square - Forest Hills Stationvia Roslindale Square,100
51   Reservoir(Cleveland Circle) - Forest Hills Sta. ,101
52   Dedham Mall or Charles River Loop - Watertown Yard,102
55   Jersey and Queensberry - Copley Sq. or Park and Tremont Sts. via Ipswich St.,103
57   Watertown Yard - Kenmore Station via Commonwealth Ave. ,104
59   Needham Junction - Watertown Sq.,105
60   Chestnut Hill - Kenmore Station via Cypress St.,106
62   62/76    Bedford V.A. - Alewife Sta.,107
76   62/76    Hanscom/Lincoln Labs - Alewife Sta.,108
64   Oak Square - University Park  Cambridge or Kendall/MIT,109
65   Brighton Center - Kenmore Sta.via Brookline Ave. ,110
66   Harvard Square - Dudley Station via Harvard St. ,111
67   Turkey Hill - Alewife Station ,112
68   Harvard Sq. - Kendall/M.I.T. via Broadway ,113
69   Harvard Sq. - Lechmere Sta.via Cambridge St.,114
70   70/70A    Cedarwood or Watertown Sq. - University Park,115
70A  70/70A    No. Waltham - University Park ,116
71   Watertown Square - Harvard Station via Mt. Auburn St ,117
72   Huron Ave. - Harvard Station via Concord Ave. ,118
73   Waverley Sq. - Harvard Station via Trapelo Road ,119
74   74/75    Belmont Center - Harvard Station via Concord Ave. ,120
75   74/75    Belmont Center - Harvard Station via Concord Ave. ,121
77   Arlington Heights - Harvard Station via Massachusetts Ave.,122
78   Arlmont Village - Harvard Station via Park Circle ,123
79   Arlington Heights - Alewife Station ,124
80   Arlington Center - Lechmere Station via Medford Hillside,125
83   Rindge Ave. - Central Sq.  Cambridge,126
84   Arlmont Village - Alewife Station ,127
85   Spring Hill - Kendall/M.I.T. Station ,128
86   Sullivan Sq. Sta. - Reservoir (Cleveland Circle) via Harvard Sq.,129
87   Arlington Center or Clarendon Hill - Lechmere Station          ,130
88   Clarendon Hill - Lechmere Station via Highland Avenue ,131
89   Clarendon Hill or Davis Square - Sullivan Square Station via Broadway ,132
90   Davis Square - Wellington Station ,133
91   Sullivan Sq. Sta. - Central Sq.  Cambridge via Washington St.,134
92   Assembly Sq. Mall - Downtown via Main St.  ,135
93   Sullivan Sq. Sta. - Downtown via Bunker Hill St. ,136
94   Medford Square - Davis Sq. Station ,137
95   West Medford - Sullivan Square Sta. ,138
96   Medford Sq. - Harvard Station via George St. ,139
97   Malden Center Sta. - Wellington Sta. ,140
99   Boston Regional Medical Center- Wellington Station,141
100  Elm St. - Wellington Station via Fellsway,142
101  Malden Center Station - Sullivan Square Station ,143
104  Malden Center Station - Sullivan Square Station ,144
105  Malden Center Station - Sullivan Square Station via Newland St. Housing,145
106  Lebanon St.  Malden  - Wellington Sta.,146
108  Linden Square - Wellington Station ,147
109  Linden Square - Sullivan Square Station ,148
110  Wonderland or Broadwayand Park Ave. - Wellington Station,149
111  Woodlawn or Broadway and Park Ave. - Haymarket Station via Mystic River/Tobin Bridge,150
112  Wellington Sta. - Wood Island Sta. via Mystic Mall and Admiral's Hill,151
114  114/116/117    Bellingham Square - Maverick Station ,152
116  114/116/117    Wonderland Station - Maverick Station via Revere Street ,153
117  114/116/117    Wonderland Station - Maverick Station via Beach St. ,154
119  Northgate - Beachmont Station,155
120  Orient Heights Station - Maverick Station via Bennington St.,156
121  Wood Island Station - Maverick Station via Lexington St.,157
131  Melrose Highlands - Malden Center Station,158
132  Redstone Shopping Center - Malden Center Station ,159
134  North Woburn - Wellington Station via Woburn Sq. and Winchester Ctr.,160
136  Reading Depot - Malden Station,161
137  Reading Depot - Malden Station ,162
170  Oak Park - Dudley Square,163
171  Dudley Station - Logan Airport via Andrew Station ,164
201  Fields Corner or No. Quincy Station - Fields Corner via Neponset Ave. to Adams St.,165
202  Fields Corner or No. Quincy Station - Fields Corner via Adams St. to Neponset Ave.,166
210  Quincy Center Sta. - No. Quincy Sta. or Fields Corner Station,167
211  Quincy Center Sta. - Squantum,168
212  Quincy Center Sta. - North Quincy Sta. ,169
214  Quincy Center Sta. - Germantown via Sea St.,170
215  Quincy Center Sta. - Ashmont Sta. via West Quincy,171
216  Quincy Center Sta. - Houghs Neck via Sea St.,172
217  Quincy Center Sta. - Ashmont Station via Wollaston Beach ,173
220  Quincy Center Sta. - Hingham ,174
221  Quincy Center Sta. - Fort Point ,175
222  Quincy Center Sta. - East Weymouth ,176
225  Quincy Center Sta. - Weymouth Landing via Quincy Ave.,177
230  Quincy Center Sta. - Montello Commuter Rail Station via Holbrook  ,178
236  Quincy Center Sta. - South Shore Plaza,179
238  Quincy Center Sta.  - Holbrook/Randolph Commuter Rail Station via Carwford Square,180
240  Avon Square or Holbrook/Randolph Commuter Rail Sta. - Ashmont Sta. via Randolph Ave and Crawford Sq.,181
245  Quincy Center Sta. - Mattapan Sta. via Pleasant St.,182
275  275/276/277    EXPRESS BUS Boston Medical Center or Downtown Boston - Long Island via Expressway,183
276  275/276/277    EXPRESS BUS Boston Medical Center or Downtown Boston - Long Island via Expressway,184
277  275/276/277    EXPRESS BUS Boston Medical Center or Downtown Boston - Long Island ,185
325  Elm St.  Medford - Haymarket Station via I-93,186
326  West Medford - Haymarket Station via I-93 ,187
350  North Burlington - Alewife Station,188
351  Oak Park/Bedford Woods - Alewife Station,189
352  Burlington - Boston Express Bus via Rte. 128 and I-93 ,190
354  Woburn Express - Boston via I-93 ,191
355  Mishawum Station - Boston via I-93 ,192
411  Malden Center Station - Revere/Jack Satter House via Northgate Shopping Ctr.,193
424  424/424W/450/450W/456    Salem Depot - Haymarket Sta. or Wonderland,194
424W 424/424W/450/450W/456    Salem Depot - Haymarket Sta. or Wonderland  ,195
450  424/424W/450/450W/456    Salem Depot - Haymarket Sta. or Wonderland,196
450W 424/424W/450/450W/456    Salem Depot - Haymarket Sta. or Wonderland,197
456  424/424W/450/450W/456    Salem Depot - Haymarket Sta. or Wonderland,198
426  426/426W/428    Central Sq.  Lynn - Haymarket Sta. via Cliftondale Square,199
426W 426/426W/428    Central Sq.  Lynn - Haymarket Sta. via Cliftondale Square,200
428  426/426W/428    Oaklandvale - Haymarket Sta. via Granada Highlands,201
429  Northgate Shopping Center - Central Sq.  Lynn via Myrtle St. King's Lynne Saugus Plaza Linden Square and Square One Mall,202
430  Saugus Center - Malden Center Station via Cliftondale Sq.,203
431  431/434/435/436    Neptune Towers - Central Sq.  Lynn via Summer St.,204
434  431/434/435/436    Peabody - Haymarket Express via Goodwins Circle ,205
435  431/434/435/436    Liberty Tree Mall - Central Sq.  Lynn via peabody Sq.,206
436  431/434/435/436    Liberty Tree Mall - Central Sq.  Lynn via Goodwins Circle,207
439  Bass Point  Nahant -Central Sq.  Lynn,208
441  441/441W/448 442/442W/449    Marblehead - Haymarket  Downtown Crossing or Wonderland,209
441W 441/441W/448 442/442W/449    Marblehead - Haymarket  Downtown Crossing or Wonderland,210
442  441/441W/448 442/442W/449    Marblehead - Haymarket  Downtown Crossing or Wonderland,211
442W 441/441W/448 442/442W/449    Marblehead - Haymarket  Downtown Crossing or Wonderland,212
449  441/441W/448 442/442W/449    Marblehead - Haymarket  Downtown Crossing or Wonderland,213
448  441/441W/448 442/442W/449    Marblehead - Haymarket  Downtown Crossing or Wonderland,214
451  451/465/468    North Beverly - Salem Depot via Cabot St. or Tozer Rd.,215
465  451/465/468    Liberty Tree Mall - Salem Depot via Peabody and Danvers,216
468  451/465/468    Danvers Sq. - Salem Depot via Peabody ,217
455  455/455W/459    Salem Depot - Wonderland via Central Sq. Lynn,218
455W 455/455W/459    Salem Depot - Haymarket via Central Sq. Lynn,219
459  455/455W/459    Salem Depot - Downtown via Logan Airport ,220
500  EXPRESS BUS Riverside - Downtown Boston via Mass Pike,221
501  EXPRESS BUS Brighton Center - Downtown Boston via Mass Pike,222
502  EXPRESS BUS Watertown - Copley Sq. via Mass Pike ,223
503  EXPRESS BUS Brighton Center - Copley Sq. via Mass Pike,224
504  EXPRESS BUS Watertown - Downtown Boston via Mass Pike  Waltham - Downtown Boston via Moody St.,225
505  EXPRESS BUS Central Sq.,226
553  553/554    Roberts - Downtown Boston via Newton Corner and Mass Pike ,227
554  553/554    Waverley Sq. - Downtown Boston via Newton Corner and Mass Pike ,228
556  556/558    Waltham Highlands - Downtown Boston via Newton Corner and Mass Pike,229
558  556/558    Riverside - Downtown Boston via Newton Corner and Mass Pike,230
CT1 Central Square, Cambridge - B.U. Medical Center/Boston Medical Centger via MIT,50
Greenbush,232
Red Line - Mattapan Line,233
